Vertices, Edges, Average Degree, Tarjan Vishki, Tarjan
2000,19990,19.99,0.016644,0.000478,2.48577,0.541154
