Vertices, Edges, Average Degree, Tarjan Vishkin, Tarjan Vishkin with Union Find, Tarjan Vishkin Parallel, Tarjan Vishkin Parallel with Union Find, Graph Name
50000,2500,0.1,0.00534085,0.0052398,0.0101074,0.00983885
50000,5000,0.2,0.00720925,0.0073478,0.0118543,0.0119046
50000,18750,0.75,0.0194057,0.0190642,0.021455,0.0214898
50000,37500,1.5,0.0479859,0.0474727,0.0361636,0.0362259
