Vertices, Edges, Average Degree, Tarjan Vishkin, Tarjan Vishkin with Union Find, Tarjan Vishkin Parallel, Tarjan Vishkin Parallel with Union Find, Graph Name
50000,50000,2,0.0333298,0.030344,0.0190166,0.0183421
50000,60000,2.4,0.0566858,0.0534226,0.0250551,0.0232491
50000,70000,2.8,0.058713,0.0564481,0.0277581,0.0250863
50000,80000,3.2,0.0611043,0.0569078,0.0300057,0.0288663
50000,90000,3.6,0.0654075,0.0607706,0.0350615,0.0325317
50000,100000,4,0.0768671,0.0684375,0.0404528,0.038185
50000,110000,4.4,0.0786926,0.0684906,0.0452281,0.0407451
50000,120000,4.8,0.080887,0.0755419,0.0514526,0.0474913
