Vertices, Edges, Average Degree, Tarjan Vishkin, Tarjan Vishkin with Union Find, Tarjan Vishkin Parallel, Tarjan Vishkin Parallel with Union Find, Graph Name
10000,10000,2,0.0085917,0.00865768,0.0126823,0.00507642
10000,20000,4,0.0172605,0.0156395,0.0165587,0.0150853
10000,30000,6,0.0251625,0.0209051,0.0222435,0.0262494
10000,40000,8,0.0350949,0.029175,0.0364442,0.0323618
10000,50000,10,0.0446947,0.0451265,0.0578223,0.0543978
10000,60000,12,0.084127,0.0648994,0.116376,0.227889
