Vertices, Edges, Average Degree, Tarjan Vishkin, Tarjan Vishkin with Union Find, Tarjan Vishkin Parallel, Tarjan Vishkin Parallel with Union Find
10000,500,0.1,0.0009293,0.0009331,0.0019694,0.00199435
10000,1000,0.2,0.0011913,0.00118245,0.0022957,0.00233565
10000,2500,0.5,0.00207795,0.00211595,0.00303285,0.00307915
10000,3750,0.75,0.0028546,0.0029232,0.00362225,0.00368525
10000,5000,1,0.0039642,0.00395535,0.00425175,0.0042496
10000,10000,2,0.0111657,0.0111515,0.00784485,0.00750265
10000,20000,4,0.0213969,0.0204587,0.0148877,0.0139106
100,4000,80,graph.in,0.00142115,0.0013874,0.00217615,0.00217975
